{
  "project_info": {
    "project_number": "717628724866",
    "project_id": "library-management-syste-12ba5",
    "storage_bucket": "library-management-syste-12ba5.appspot.com"
  },
  "client": [
    {
      "client_info": {
        "mobilesdk_app_id": "1:717628724866:android:d994a98c2625146fee469b",
        "android_client_info": {
          "package_name": "com.example.book_app"
        }
      },
      "oauth_client": [],
      "api_key": [
        {
          "current_key": "AIzaSyApgIoTIuON3AWk1NAuLiLgjuQKAaP2KkI"
        }
      ],
      "services": {
        "appinvite_service": {
          "other_platform_oauth_client": []
        }
      }
    }
  ],
  "configuration_version": "1"
}